id,name
2975,Laurence Fishburne
8349,Martin Sheen
8351,Frederic Forrest
8354,Albert Hall
6384,Keanu Reeves
530,Carrie-Anne Moss
1107983,Martin Luther King Jr.
52057,Obba Babatundé
110380,Colin Powell
18471,Anthony Anderson
74611,Tracee Ellis Ross
1407498,Marsai Martin
74568,Chris Hemsworth
226366,Brian Tyree Henry
1245,Scarlett Johansson
47296,Jeffrey Dean Morgan
17637,Taye Diggs
53336,Brandon T. Jackson
2639,Eva Marie Saint
2641,Martin Landau
13724,Jane Alexander
2112,Brock Peters
6193,Leonardo DiCaprio
1892,Matt Damon
514,Jack Nicholson
7796,Illeana Douglas
851784,Mackenzie Foy
89819,Zachary Gordon
92029,Gabriel Bologna
218506,Gretchen Becker
103835,Jeff Monahan
6717,James Marshall
26466,Caroline Kava
18269,Brendan Fraser
928944,Coleman Barks
2022250,Robert Bly
9979,Peter Coyote
2098136,Brian Becker
2098137,Richard Becker
2098138,Blase Bonpane
5606,Sissy Spacek
5632,Jack Fisk
11367,Bradley Whitford
31028,Richard Schiff
21010,Alexandra Hay
101032,Rod McCary
1397846,Craig Barron
2166741,Robert A. Baum Jr.
4001066,Richard Teideman
1197772,David Aaronovitch
3895,Michael Caine
59258,Lewis Black
3392,Michael Douglas
564,Richard Linklater
584,Philip K. Dick
32233,Tommy Pallotta
1357063,Darrin Prescott
40644,Chad Stahelski
1779512,Jackson Spidell
1776,Francis Ford Coppola
38803,Roman Coppola
64,Gary Oldman
21127,Bobby Cannavale
1692944,Heidi Schreck
30020,Michael J. Nelson
30022,Kevin Murphy
68833,Bill Corbett
9340,Lana Wachowski
9339,Lilly Wachowski
4789367,Cáel M. Keegan
529,Guy Pearce
532,Joe Pantoliano
180659,Rosa Parks
1280183,Coretta Scott King
181934,Al Sharpton
496175,Carmelo Anthony
2102583,Andrew Cohen
73988,Lyndon B. Johnson
21111,John F. Kennedy
1006651,John Lewis
23626,Liev Schreiber
937663,Neil Amdur
1931175,Bob Beamon
2954,Jeffrey Wright
33663,Donald Trump
2301996,Mike Pence
2787630,Valentin Zorin
89289,Jesse Jackson
2803017,Arthur John Birch
2803001,Haroldson Lafayette Hunt
1165240,Jason Alan Carvell
2855535,Jack O'Dell
2939212,Clarence Jones
214317,Ben Bradlee
13716,Carl Bernstein
117180,Tom Brokaw
237876,Sarah-Jane Sauvegrain
1050881,Jacqueline Kennedy
12951,O.J. Simpson
2998183,Nicole Brown Simpson
1231277,Marcia Clark
7172,James Brown
21112,Hubert H. Humphrey
1038,Jodie Foster
4173,Anthony Hopkins
349,Scott Glenn
2535,Vivica A. Fox
225620,Rudolph Moise
1122373,Marion Barry
1122374,Chuck Brown
1122375,Lewis Franklin
1507609,Bob Coen
1507612,Francis E. Boyle
1507613,Jean Patterson
19011,George W. Bush
146687,Tony Blair
74266,Dick Cheney
1884692,Susannah Kenton
2701107,Eugene Chang
1897,Bernie Mac
77896,Bill Bellamy
1224841,Mo Willems
539,Thomas Lennon
111513,Yvette Nicole Brown
2395,Whoopi Goldberg
1735828,Halle Bailey
53397,Christina Aguilera
170497,Norman Lear
4491,Jennifer Aniston
56322,Amy Poehler
2682390,Gerd Ludwig
2227,Nicole Kidman
4430,Sharon Stone
14837,Carol Burnett
5823,Julie Andrews
3141,Marisa Tomei
1068417,Bethann Hardison
77072,Tyson Beckford
56367,Naomi Campbell
14386,Beyoncé
84932,Jay-Z
1680929,Blue Ivy Carter
102786,Barack Obama
128550,Desmond Tutu
2320880,Sundar Pichai
3223,Robert Downey Jr.
16828,Chris Evans
103,Mark Ruffalo
10850,Kevin Feige
87173,Craig Kyle
91606,Tom Hiddleston
16483,Sylvester Stallone
1100,Arnold Schwarzenegger
1218634,Harvey Levin
587506,Shameik Moore
543505,Jake Johnson
130640,Hailee Steinfeld
73421,Joaquin Phoenix
380,Robert De Niro
1545693,Zazie Beetz
515,Glenn Close
1650331,Jeremy O. Harris
350,Laura Linney
2165,Rosanna Arquette
4726,Marcia Gay Harden
6968,Hugh Jackman
3894,Christian Bale
61110,Fred Armisen
7447,Alec Baldwin
2054851,Roman Griffin Davis
1356758,Thomasin McKenzie
2240369,Bert Stern
82280,Louis Armstrong
40092,Twiggy
5656,Noah Baumbach
1023139,Adam Driver
172069,Chadwick Boseman
1215522,Robin Roberts
1896,Don Cheadle
525,Christopher Nolan
15556,Rebecca Hall
53768,Anita Pallenberg
1430,Keith Richards
1232333,Angela Richards
40389,Bernadette Peters
5699,Patti LuPone
221611,Jonathan Groff
65717,Jon Hamm
1338266,2 Chainz
2136301,Lil Baby
56978,Jennifer Rubin
43902,Erik Palladino
84164,Billy Jayne
21029,Billy Burke
1661329,Lorraine Devon Wilke
219688,Billy Aronson
1277412,Martha Banta
17828,Michael Barnathan
40036,Taraji P. Henson
1394997,Tituss Burgess
131722,Ciara
2496,Stanley Ridges
22091,Robert Sterling
2282,Ben Kingsley
24589,Paul Mercurio
24590,Dominique Sanda
1205143,John Gazarian
1205144,Darlene Landau
11770,John Carpenter
9111,Peter Graves
98234,Barbara Bain
2222,Beau Bridges
18878,Rob Cohen
6349,Alan J. Pakula
21278,Alan Alda
8488,Mary Badham
8487,Gregory Peck
8489,Phillip Alford
84206,Keshia Knight Pulliam
119598,Phylicia Rashād
8656,Dorian Harewood
57686,Hill Harper
32646,Monica Calhoun
20493,Sydney Tamiia Poitier
24045,Joseph Gordon-Levitt
3899,Ken Watanabe
134,Jamie Foxx
27319,Christoph Waltz
9261,Frank Abagnale Jr.
488,Steven Spielberg
2689,Jeff Nathanson
16418,Casey Kasem
15831,Frank Welker
11478,Lorraine Bracco
944538,Daniel B. Gold
2830394,Ross Gelbspan
971346,Bill McKibben
21007,Jonah Hill
234352,Margot Robbie
31,Tom Hanks
1206,Jason Alexander
70851,Jack Black
2366,Dante Ferretti
150367,James Gilligan
204,Kate Winslet
2710,James Cameron
8529,Jon Landau
1032,Martin Scorsese
2157,Robin Williams
880,Ben Affleck
3197,Tom Sizemore
12833,Edward Burns
10297,Matthew McConaughey
1813,Anne Hathaway
1231844,Manny Ramírez
1214256,Curt Schilling
21037,Prince
1800494,Cora Coleman-Dunham
1775343,Josh Dunham
19498,Jon Bernthal
1810,Heath Ledger
3361135,Peter Kent
1812,Michelle Williams
2037,Cillian Murphy
5081,Emily Blunt
578,Ridley Scott
1370,Brad Dourif
7071,Louise Fletcher
10409,Shelley Duvall
10410,Danny Lloyd
34947,Kevin Conroy
1262612,Neal Adams
21200,Will Arnett
15189,Michelangelo Antonioni
18514,Asia Argento
4955,Dario Argento
707,Dan Aykroyd
11665,Michael Angarano
2171,Griffin Dunne
11477,Ray Liotta
4517,Joe Pesci
176557,Mark Kassen
19453,Tom Bower
17696,Kathryn Hahn
15864,Clarence Williams III
20508,Iain Glen
1254526,Brianna Gentilella
17051,James Franco
1518619,Sigi Ravet
13922,Seth Green
188238,Matthew Senreich
52139,Seth MacFarlane
131220,Sherry Morris
3140207,Carman
131221,Elise Lester
6677,Kyle MacLachlan
6678,Michael Ontkean
6714,Mädchen Amick
3517400,David Barbe
1936743,Kishi Bashi
56890,Malcolm McDowell
46393,Roseanne Barr
1066777,Mumia Abu-Jamal
65013,Rubin 'Hurricane' Carter
4808,Giancarlo Esposito
82128,Wesley Clark
9789,Robert Altman
6449,Warren Beatty
1353815,Dr. Diane Ravitch
1353816,Dr. Linda Darling-Hammond
20212,Dermot Mulroney
41249,Tess Harper
13567,Ann-Margret
25834,Leslie Hope
1204293,J. Allen Hynek
2027993,Philip J. Klass
3546502,Jack Trout
118764,Paulo Pires
36281,Imanol Arias
1,George Lucas
7879,John Lasseter
3199207,Jerry Dealey
3199208,Barry Ernest
1800382,Stanley McChrystal
3474911,Kathleen Belew
60642,Tom Petty
22865,Little Richard
13301,Quincy Jones
4645062,Anne Nelson
2749845,William J. Barber II
54693,Emma Stone
19492,Viola Davis
18997,Bryce Dallas Howard
13611,Jack White
10750,Sheryl Crow
8261,Willie Nelson
1214281,Marcus Allen
1648152,Peter Max
92911,Garth Brooks
192,Morgan Freeman
287,Brad Pitt
12052,Gwyneth Paltrow
76184,Bryan Marshall
75781,John Turner
83908,Daniel Massey
1748,William Shatner
8499,William Windom
6952,Charlie Sheen
114454,BJ Davis
10017,Charlton Heston
1291312,Jürgen Thormann
2983750,Peter Garloff
39998,Tim McIntire
7506,Irwin Allen
32395,Debbie Allen
1227911,Peter Allen
27769,Harry Anderson
212,David Cross
1163873,Omar Elba
1532857,Rebecca Blaine Carton
1358384,Topher Mikels
10872,Patton Oswalt
105787,Greg Giraldo
26513,Debra Winger
146747,Mario Batali
169200,Phyllis Smith
8534,Kathy Bates
1121,Benicio del Toro
73931,Bette Midler
2232,Michael Keaton
516,Annette Bening
6352,Jane Fonda
14841,Bruce Gilbert
2435839,Barbara Grau
14538,Don Phillips
7779,Sean Daniel
1820819,Kent Jones
569,Ethan Hawke
4587,Halle Berry
8691,Zoe Saldaña
189111,Suzanne Collins
72129,Jennifer Lawrence
27972,Josh Hutcherson
16178,Rick Baker
11181,Kenneth Branagh
14639,Mel Brooks
1006721,Charles Scorsese
11483,Catherine Scorsese
2559324,Beth Lane
2559325,Lea Madda
27888,Raúl Juliá
2630,Nastassja Kinski
958722,Eiko Ishioka
41381,Sadie Frost
151007,Peter Ramsey
1769,Sofia Coppola
19772,Paul Rassam
1158,Al Pacino
3087,Robert Duvall
3092,Diane Keaton
3084,Marlon Brando
3085,James Caan
1003,Jean Reno
524,Natalie Portman
10980,Daniel Radcliffe
10989,Rupert Grint
10990,Emma Watson
1415341,Kazu Hiro
1267653,Chet Zar
219479,Criss Angel
1101349,Steve Aoki
1407495,Miles Brown
4038,Susan Sarandon
18992,Aidan Quinn
2047,Danny Glover
9827,Rose Byrne
143103,Krew Boylan
4730,Emmy Rossum
9464,Harry Lennix
14409,David Schwimmer
30024,Joel Hodgson
117649,Frank Conniff
30019,Trace Beaulieu
6777,Moe Howard
89613,Larry Fine
89614,Curly Howard
1219029,Paul F. Tompkins
1750843,Subhah Agarwal
1221712,Kevin Allison
1350757,Jonah Ray
1230192,Elliott Kalan
46300,Alex Etel
27889,Stephan Elliott
1331,Hugo Weaving
7187,Richard Donner
57371,Jeff Cohen
3034,Corey Feldman
1385039,Bryan Stevenson
1641150,Patrisse Cullors
229579,Bob Carruthers
220717,Uri Geller
1229925,La Toya Jackson
10565,Dick Cavett
46433,Dick Clark
59785,Fat Joe
16450,Sean Combs
179512,Marv Albert
1865991,Jim Boeheim
4724,Kevin Bacon
46432,George H. W. Bush
50576,Jimmy Carter
136403,Robert Dryden
1999091,Chris Schenkel
57738,Samuel Labarthe
1141815,Charles de Gaulle
1204877,André Malraux
1152,Oliver Stone
3331792,Vasili Arkhipov
120578,Franklin D. Roosevelt
3032475,Carl Sferrazza Anthony
3032476,Christopher Andersen
3032477,James Hart
1257876,Margaret Whitmer
1051824,Tom Junod
1998031,Joanne Rogers
1116399,Winston Churchill
18802,Ronald Reagan
1461,George Clooney
95778,Dan Rather
1230060,Bob Schieffer
1670479,Abbas Abdi
1625013,Mahmoud Ahmadinejad
84384,Osama Bin Laden
4353,Peter Lawford
2214123,Véronique Préault
2412677,Xavier Pasco
2412679,John Logsdon
7571,Blair Brown
84378,Nick Fraser
16811,Alexander Scheer
3910768,Jürgen Hambrecht
2823180,Wolfgang Ischinger
4347,Frank Sinatra
3794648,Michel Lerokourez
4299,Dean Martin
210695,Jesse Williams
1258041,David Axelrod
1236577,Douglas Brinkley
223120,Jack O'Callahan
223121,Herb Brooks
223122,Mike Eruzione
219189,Jackie Robinson
214725,Duke Snider
3905,William H. Macy
18686,Holly Hunter
222441,Bud Greenspan
1204260,Jim McKay
2652100,Curt Flood
2652101,Judy Pace Flood
1589101,Matilda De Angelis
1212794,Marv Albert
16513,John G. Avildsen
1329724,Chuck Wepner
74295,Jeff Feuerzeig
1613258,Daniel Patrick Moynihan
25072,Oscar Isaac
3910,Frances McDormand
1241,John Turturro
16214,Mario Van Peebles
227811,Herschel Walker
1222706,Skip Bayless
56446,John Cena
112219,Michael Hickenbottom
543530,Dave Bautista
1167702,Bruno Sammartino
1167703,Bob Backlund
557911,Robert F. Kennedy Jr.
1076629,Anthony Baxter
1705941,Molly Forbes
1816204,Frederick Oberlander
1816207,Tevfik Arif
11161,Tom Savini
2323039,Catherine Mercado-Muñiz
2339577,Carmen Yulín Cruz
1145892,Ed Koch
1807640,Jane Jacobs
16620,Hulk Hogan
77120,Steve Austin
2266228,Kim Dae-jung
2435679,Lee Geum-hee
2266230,Kim Young-sam
10127,Jon Voight
1229169,Roger Ailes
1326321,Saraya-Jade Bevis
57342,Vince McMahon
2521527,Wesley Lowery
1600254,Megyn Kelly
567335,Chris Benoit
115788,Paul Lévesque
2651270,Marcella Hansch
1110063,Felix Finkbeiner
2651271,Zion Lights
28151,Benoît Allemane
2982422,Michael S. Cullen
3242458,Isabelle Rouge-Ducos
3342345,Tim Gielen
1954181,George Soros
240633,Bill Gates
27765,Richard Nixon
25504,André Roussimoff
160733,Nick Bockwinkel
21397,Dennis Rodman
3981237,Shirley Rodman
1354043,Christoffer Guldbrandsen
1600270,Roger Stone
60342,Emily Maitlis
2041195,Prince Andrew Duke of York
2607708,Jeffrey Epstein
3553309,John Shipton
150882,Julian Assange
80757,Mike Tyson
1003978,Larry Holmes
65605,Muhammad Ali
1562927,Ken Blackwell
2547400,Kellyanne Conway
1666438,Ted Cruz
67273,Roger Waters
4381182,Peter Hart
1184450,Sut Jhally
1965392,Jair Bolsonaro
7063,Nina Sosanya
1326448,Glenn Greenwald
2882914,Malcolm Kenyatta
4026758,Dr. Matt Kenyatta
4706028,Conor Lamb
2005811,Marina Moncade
1173480,François Hollande
4737861,David Colon
2189100,Moon Jae-in
1671675,Yuna Kim
1644623,Ahn Jung-hwan
938972,Angela Davis
2149806,Gus Hall
100709,Junior Wells
1386798,Joseph McCarthy
13348,Howard Hughes
1247141,Harry S. Truman
2802990,Jean Paul Getty
117418,Mahalia Jackson
1188876,Horace Clarence Boyer
82702,Michael Jackson
54421,Janet Jackson
207070,Jermaine Jackson
61399,Mike Ditka
1232728,Jim McMahon
1723195,Mike Singletary
1219050,Hank Aaron
14414,Kareem Abdul-Jabbar
1416398,Joshua L. Pearson
116341,Bill Clinton
1428889,Ivy Austin
3323316,Tricia Brooks
1374664,Louis-Émile Galey
1010125,Claude Heymann
146964,Kenneth Anger
1171032,Adolfo Arrieta
1190206,Donatas Banionis
2415973,Daniel Petrocelli
2413592,Fred Goldman
22860,Chuck Berry
1172565,Lesley Gore
22859,Jerry Lee Lewis
532942,Fats Domino
27011,Vanessa Williams
8851,Whitney Houston
543105,Ella Fitzgerald
3410437,Bobby Sanabria
3410434,Willie Estrada
3410438,Derrick León Washington
1086588,Otis Redding
2680008,Olivier Cachin
23977,Akhenaton
1178642,Shurik'n
1036,Cybill Shepherd
3119545,Kali Reis
10981,Fiona Shaw
5049,John Hurt
10774,Anne Bancroft
39187,Olivia Colman
34546,Mark Gatiss
54448,Ismail Merchant
54441,James Ivory
54443,Ruth Prawer Jhabvala
137022,Michael Parkinson
4220075,Mike Parkinson
7318,Peter Kay
11091,Brett Ratner
1639,Emily Watson
5469,Ralph Fiennes
1137,Juliette Binoche
28974,Damon Lindelof
15851,Amy Brenneman
15009,Justin Theroux
562922,Christian Keyes
21215,Elise Neal
1922617,Joy Rovaris
587035,Nadji Jeter
479206,Demetria McKinney
154382,Jazsmin Lewis
31134,Darrin Henson
74613,Terri J. Vaughn
194836,Shelly Altman
115002,John Aniston
21563,Corin Nemec
2939038,Sydney Malakeh
58924,Clifton Powell
21355,DMX
8689,Barry Shabaka Henley
2297056,Darik Bernard
2808544,Daran Acevedo
1297171,Julian Bane
108081,Malik Barnhardt
2599776,Andrew Rogers
1657021,Ashley Brinkman
2504212,Charles Cain
160343,Robert Krantz
74036,Tom Arnold
126932,Elisabeth Röhm
3210443,Sofia Masson
1473053,Nicole Coulon
1841650,Crystal-Lee Naomi
1838518,Jermaine Rivers
1341059,Nikki Leigh
65641,Brande Roderick
60116,Allison McAtee
1780596,Morgan Bradley
545344,Mishael Morgan
1150810,Leland B. Martin
1395884,Gessica Généus
105762,Jimmy Jean-Louis
1142232,Soledad Elizabeth Jean
3897137,Cool 'Disco' Dan
9290,Henry Rollins
1066763,Darrell Royal
50707,Ed Marinaro
1322033,Bob Brenly
1322034,Scott Brosius
1233313,Joe Buck
533195,Henry Kissinger
143280,Norman Mailer
1189929,Condoleezza Rice
7904,Billy Crystal
2801284,Anthony Amsterdam
1220601,John Chancellor
3492377,Madeleine Albright
3492379,Ilie Alexandru
3492380,Ioan Amarie
3273875,Bob Taylor
3622690,Betty Ong
3622691,Nydia Gonzalez
1442410,Trevor Phillips
1442411,Nigel Farage
37759,Kathy Burke
20056,Keith Allen
2330903,Amir Amor
1220273,David Cameron
2134341,Theresa May
1225259,Kirsty Young
174981,King Charles III of the United Kingdom
1094687,Prince Edward Duke of Edinburgh
47,Björk
3219627,Lydia Korniordou
2921077,Jacques Rogge
1936235,Mikaela Rüegg
4076082,Genevieve Kent
9309,Richard Pryor
57551,Mario Cantone
5726,Cedric the Entertainer
15535,Robin Harris
68215,Reginald Hudlin
181975,Mark Curry
82587,Steve Harvey
78029,Martin Lawrence
44796,Franklyn Ajaye
9780,Angela Bassett
18291,Larenz Tate
1633946,Chris Gattling
1568932,Bruce Bruce
2007484,Huggy Lowdown
1212304,Jon Scieszka
1192274,Jordan Fisher
132354,Kate Micucci
133451,Aya Cash
111684,Lennon Parham
53684,Robert Smigel
14672,Michael Winslow
83097,Adam Savage
1842039,Joe Tessitore
71403,Rob Riggle
129193,Paula Abdul
60227,Greg Cipes
1249820,Romi Dames
1428,Mick Jagger
53396,Ronnie Wood
127165,Jean Boht
155488,Kelly Clarkson
292445,Blake Shelton
21986,Reba McEntire
15903,George Carlin
77193,Bill Hicks
73641,Christiane Amanpour
1202593,Neil Barnard
33684,Bono
148120,Tiffany
83170,Valerie Harper
4756,Matthew Broderick
20005,Moira Kelly
78729,Nathan Lane
95024,Bobcat Goldthwait
78798,Tom Kenny
60434,Dee Snider
1371152,Gillian Bagwell
1218839,Stoney Burke
36811,Nick Cannon
1870421,Collie Buddz
166772,Joy Behar
14,Ellen DeGeneres
854,James Stewart
190,Clint Eastwood
1212,Laura San Giacomo
4111,Ingrid Bergman
3019,Olympia Dukakis
2412016,Lilly Bartlam
186529,Tony Daniels
120608,Sonia Manzano
1596910,Nitya Vidyasagar
88059,Tommy Davidson
15411,T.K. Carter
5916,Rosario Dawson
9206,Neve Campbell
1238840,Anita Pointer
1227348,June Pointer
1238842,Ruth Pointer
167927,Walter Winchell
2283,Stanley Tucci
2774840,Luis A. Miranda Jr.
1179651,Lin-Manuel Miranda
216674,Hillary Clinton
1062,Christopher Lloyd
11510,Macaulay Culkin
6240,Mariska Hargitay
21411,Ice-T
206637,Kelli Giddish
3427755,April Watts
32362,Jon Bon Jovi
77156,Kevin Clash
92087,Tempestt Bledsoe
3232,Lisa Bonet
3488479,Joseph Cammarata
1113173,Linda Jones Clough
2021317,Chris Connelly
4600,Joe Dante
13472,Tim Curry
1192987,David Coburn
33162,Harry Belafonte
982,Sting
81487,George Michael
1215477,Barbara Walters
1233245,Sunny Hostin
1733801,Connor Ratliff
225377,Griffin Newman
2787905,Patrick Cotnoir
7175,Aretha Franklin
11850,Candice Bergen
138986,Tony Bennett
237405,Lady Gaga
4315572,Bernard Erpicum
3665,Shelley Hack
1895,Carl Reiner
70651,Stephen Hillenburg
70615,Rodger Bumpass
1214573,Serena Williams
93527,Kelly Rowland
167662,Ryan Seacrest
2384929,Lindsay Arnold
86800,Chloe Bailey
1152019,Ashton Sanders
2522829,Vanessa Laine Bryant
23678,Michael Jordan
35806,Shaquille O'Neal
37934,André 3000
15310,Anthony Kiedis
12207,Kylie Minogue
1564846,Auli'i Cravalho
1473281,James Monroe Iglehart
27772,John Ritter
158208,Alex Trebek
14405,Courteney Cox
14406,Lisa Kudrow
3536568,Phoebe-Rae Taylor
14892,Rosemarie DeWitt
112261,Joey McIntyre
13446,Eliza Dushku
87192,Mike O'Malley
34398,Bill Fagerbakke
17039,Nick Offerman
80591,Rashida Jones
76788,Dev Patel
108916,Rooney Mara
1371,David Wenham
113552,Briony Behets
1242514,James Smillie
1246450,Bartholomew John
12211,Garry McDonald
75193,Kim Gyngell
1322658,Roy Baldwin
150536,Barry Otto
76182,Nicholas Eadie
326,Kim Basinger
1747292,Robert Board
106179,Anthony Franciosa
1233004,Paul Cronin
108945,Paula Duncan
6818,Werner Herzog
82315,Jean Harlow
11492,Clark Gable
71531,Deepak Chopra
1383964,Thích Nhất Hạnh
206911,Cesar Millan
1916574,Caitlin Doughty
5168,Gabriel Byrne
15762,Tara Strong
1160,Michelle Pfeiffer
5682,Anouk Aimée
44556,Richard Anconina
20234,Fanny Ardant
973651,Billy Eichner
1576058,Lilly Singh
1192928,Erich Bergen
6541,Philip Bosco
157359,Jane Connell
1729824,Randy Doney
2177,Lloyd Bridges
47902,Marian Mercer
40159,Keith Michell
58414,Dina Merrill
518,Danny DeVito
4,Carrie Fisher
1392152,Dan Levy
26510,Eugene Levy
11514,Catherine O'Hara
71727,Betty White
10859,Ryan Reynolds
56323,Tina Fey
61303,Dick Van Dyke
83600,Tichina Arnold
482044,Beth Behrs
92178,Bob Mackie
38225,Cher
65534,Andreas Deja
290,Christopher Plummer
21104,Glenne Headly
22384,John Amos
105637,Morey Amsterdam
13294,Gene Kelly
80866,Nell Carter
40063,Lea DeLaria
3920454,Ted Andrews
537064,Perry Como
109887,Caroll Spinney
8515,Jane Darwell
5829,Karen Dotrice
1201,Garry Marshall
1041410,Charmian Carr
18461,Nick Chinlund
1216139,Michael Raynor
57389,Justin Pierce
6613,Minnie Driver
57133,Paulo Costanzo
66776,Liza Minnelli
1795453,Amanda Balen
3043049,Ajak Deng
3043050,Kate Hutchinson Driscoll
109686,Flex Alexander
109687,Mike Batayeh
111317,Gilby Clarke
57108,Usher
52847,Joy Bryant
1053305,Marc Jacobs
9755,Yves Saint Laurent
1282709,Suzy Menkes
4720,Kanye West
2313703,Steve Jones
1610514,Tina Knowles
197315,Drake
104779,Nas
81129,Chris Martin
47775,Marc Anthony
9030,Thandiwe Newton
2178,Forest Whitaker
15761,Grey DeLisle
532537,Toni Braxton
16866,Jennifer Lopez
200624,Michelle Williams
1776464,Stretch Armstrong
4244,Lauryn Hill
4238,Common
1060565,Marina Abramović
41039,Judd Apatow
85930,John Mayer
90388,Steve Jordan
90389,Pino Palladino
1468396,Young Guru
1468397,Jay Electronica
94158,R. Kelly
31647,Garcelle Beauvais
16303,Céline Dion
72208,Alicia Keys
95494,Q-Tip
108661,Chester Bennington
214830,Mike Shinoda
1070445,Brad Delson
66586,Mariah Carey
1214976,Nick Lachey
1222306,Jeff Timmons
154782,Pat Benatar
154783,Neil Giraldo
174875,Carly Simon
149923,Lester Brown
1063969,Yvo de Boer
1063970,Paul R. Ehrlich
1068409,Frank Marshall Davis
1068410,Ann Dunham
1068411,Stanley Dunham
35705,Regina Hall
143242,Terrence J
233191,Terrence 'T.C.' Carson
2503684,Abdullah bin Abdulaziz Al Saud
107379,LeBron James
55638,Kevin Hart
2169865,Birgitta Assheuer
2920376,Îlham Ahmed
2920377,Zaher al-Saket
964843,Michelle Obama
1348088,Laurent Delahousse
1977908,Claire Chazal
3089883,Gabby Giffords
1608713,Mark Kelly
66620,Angela Merkel
3451053,Natalya Sindeeva
3527796,Aleksandr Vinokurov
1745467,Vera Krichevskaya
13309,Oprah Winfrey
4322819,Jackson Rowell
4322822,Davis McLaughlin
4492761,William Mitchell
3660512,Parker Liberatore
4492711,Samuel Ruff
3125,Madonna
5293,Willem Dafoe
1920,Winona Ryder
1172108,Mckenna Grace
30083,Lindsay Duncan
11090,Edgar Wright
39995,Michael Cera
18793,Kieran Culkin
127612,Elizabeth Whitmere
17628,Mary Elizabeth Winstead
206,Jim Carrey
205,Kirsten Dunst
7626,Avi Arad
1245564,John Cassaday
934847,Chris Claremont
53240,Riz Ahmed
1182601,Asheq Akhtar
175690,Jimmy Akingbola
135420,Deborah Findlay
19655,James D'Arcy
4391,Charles Dance
3971,Sophia Myles
10828,Guillermo del Toro
76070,Mia Wasikowska
83002,Jessica Chastain
1688990,Anthony Joshua
2327641,Andy Ruiz Jr.
2713,Linda Hamilton
820,Edward Furlong
2378014,Scott Allie
2046262,Julie Belle
1381997,Kurt Busiek
87919,Mark Calaway
1396525,Julia Davis
2065478,Herbert P. Kaufer
2065479,Jeffrey J. Deal
2065489,Alan Sagherian
10182,Ving Rhames
21399,Ron Silver
31839,Ruben Santiago-Hudson
104156,Ann-Marie MacDonald
553505,David Carr
1382818,Ellis Cashmore
126511,Aubrey O'Day
70767,Drea de Matteo
17881,Jason Schwartzman
55584,Ingvar E. Sigurðsson
1274104,Jake Nutty
1519998,Troy Romzek
212208,Taylor Swift
1025375,Wiz Khalifa
1744249,Kygo
206100,Tinashe
934,Russell Crowe
935,Connie Nielsen
58074,Madge Sinclair
741,River Phoenix
1136517,Sia
1145520,Ari Aster
4512,James Woods
4513,Elizabeth McGovern
4690,Christopher Walken
3096,John Cazale
85564,Andrea Bocelli
819,Edward Norton
63,Milla Jovovich
16514,Robert Chartoff
1044,Michael Chapman
3661,Thelma Schoonmaker
76657,Anthony Field
76655,Murray Cook
76662,Jeff Fatt
52154,Stephen Sondheim
32396,Richard Belzer
36190,Edie Falco
30604,Joe Raposo
2311100,Marc Brugnoni
120831,Annaleigh Ashford
1156586,Adam Chanler-Berat
11315,Noah Emmerich
12516,Linda Hunt
1262093,Woodrow Wilson
9807,René Auberjonois
8891,John Travolta
2231,Samuel L. Jackson
139,Uma Thurman
88339,Kevin Stea
1004,Danny Aiello
11155,Thomas Jane
4027,Frank Darabont
3027,Stephen King
131,Jake Gyllenhaal
28745,Deborra-Lee Furness
231664,Gina Beck
71450,Robert Lindsay
6431,Darren Aronofsky
9546,James Chinlund
7248,Cliff Curtis
11870,Christine Baranski
55466,James Corden
11669,Jimmy Fallon
43120,Andy Dick
53926,Jon Heder
131286,Mark David
60634,Marty Belafsky
7133,Max Casella
60857,Galen Yuen
18324,Steve Zahn
62831,Will Forte
1893064,Ezra Koenig
1436413,Chris Baio
2274016,Rostam Batmanglij
1371523,Jon Spencer
1357849,Sally Timms
568038,Shonali Bhowmik
1308302,Heather Lawless
1232640,Andrea Rosen
136487,David Letterman
69921,Paul Shaffer
67773,Steve Martin
1069722,Clem Burke
936885,Chris Stein
24594,Michael Angelis
131814,Michael Brandon
10594,Ringo Starr
18918,Dwayne Johnson
63234,Wendi McLendon-Covey
91351,Sarah Hyland
50877,Jill Hennessy
3091773,Elizabeth Holder
2451603,Jody Booth
117817,George Stephanopoulos
2039350,Halyna Hutchins
14643,William A. Wellman
96308,William Wellman Jr.
4037577,Jean Aker
939584,Ian Anderson
23629,Brian O'Halloran
23630,Jeff Anderson
19302,Jason Mewes
129781,Dizzy Gillespie
1134881,Danny Barcelona
570395,Pavlína Filipovská
81131,Jon Buckland
81130,Guy Berryman
174982,Neil Pearson
1708627,Christine Keeler
32327,Ken Russell
50121,Alan Yentob
280,Terry Gilliam
1834,Shirley Henderson
17328,Rufus Sewell
1617615,Laura Goodwin
9188,Billy Connolly
939000,Clive James
54470,Lauren Ambrose
53820,Michael C. Hall
3217772,Estelle Charlier
3217773,Romuald Cotillet
27977,Leos Carax
67367,Rian Johnson
670,Ben Burtt
557528,Margie O'Malley
82104,Danai Gurira
4723,Brian Helgeland
79065,Tim Tebow
54722,Laura Marano
556,Emma Thomas
74401,Hoyte van Hoytema
92561,Nick Broomfield
107613,Brian Jones
1014931,Freddie Fox
1429,Charlie Watts
20472,Norah Jones
20309,Dwight Yoakam
82270,Bonnie Raitt
583808,José Feliciano
124241,Phil Everly
124240,Don Everly
2768732,Felice Bryant
1289529,Earl Slick
1487,Bob Dylan
111714,Al Green
165867,Kid Rock
140509,Bobby Keys
19995,Marianne Faithfull
2914305,John Dunbar
12111,Justin Timberlake
1635914,Sam Roberts
53598,Louis Bertignac
1569196,Yarol Poupaud
937039,Carla Bruni
1503749,Big Freedia
115089,Carlos Santana
90039,Chip Zien
20747,Joanna Gleason
11076,David Hyde Pierce
60034,Laura Benanti
1032541,Matt Cavenaugh
87765,LeAnn Rimes
164221,Rebecca Schull
6748,Joel Grey
111989,Jack Cassidy
1447838,Kyle Barisich
1439556,Joy Franz
43125,Rob Paulsen
84495,Jess Harnell
34983,Tress MacNeille
68929,Laurie Anderson
1096822,Afrika Bambaataa
938558,Stephen Bishop
231713,Cameron Mackintosh
117319,Michael Ball
1283,Helena Bonham Carter
55821,Luther Adler
2752,Jo Van Fleet
3265,Eli Wallach
7570,Lauren Bacall
130231,Brian Stokes Mitchell
10739,Bebe Neuwirth
2084010,Byron Motley
1725025,Josef Powell
225863,Zach Callison
1217614,Deedee Magno
1393199,Estelle
187565,Audra McDonald
47298,Nellie McKay
1303328,Marianne Elliott
38337,George Hearn
35028,Zoe Kazan
1254614,Leslie Odom Jr.
87932,Renée Elise Goldsberry
123795,Michael Urie
128206,Lea Michele
33352,Cory Monteith
141687,Dianna Agron
1217648,Chris Diamantopoulos
1382187,Kaitlyn Robrock
34478,Tony Anselmo
1646774,Christopher Sean
16183,Gedde Watanabe
3134,Tamlyn Tomita
500,Tom Cruise
996701,Miles Teller
1525043,Monica Barbaro
2651240,Tony La Russa
12073,Mike Myers
6941,Cameron Diaz
776,Eddie Murphy
135980,Patrick Stump
135981,Pete Wentz
135982,Joe Trohman
934159,Eric André
130152,El-P
214839,Akon
4535733,Arrested Development
9281,Elizabeth Banks
1700685,Lewis Pullman
936254,Luis Gerardo Méndez
123725,Abigail Spencer
125025,Joey King
6944,Octavia Spencer
1005852,Janelle Monáe
47646,Catherine Tate
72858,Jonathan Cake
58737,Jack McBrayer
475512,Ellie Kemper
13636,Jane Krakowski
